sep,unnamed_1
Views,
Date,Primary
2025-06-26 0:00:00,2894
2025-06-27 0:00:00,6407
2025-06-28 0:00:00,2206
2025-06-29 0:00:00,3687
2025-06-30 0:00:00,5086
2025-07-01 0:00:00,8076
2025-07-02 0:00:00,15364
2025-07-03 0:00:00,20910
2025-07-04 0:00:00,25148
2025-07-05 0:00:00,16734
2025-07-06 0:00:00,51144
2025-07-07 0:00:00,61235
2025-07-08 0:00:00,54592
2025-07-09 0:00:00,141097
2025-07-10 0:00:00,130236
2025-07-11 0:00:00,137406
2025-07-12 0:00:00,143284
2025-07-13 0:00:00,167043
2025-07-14 0:00:00,128261
2025-07-15 0:00:00,127884
2025-07-16 0:00:00,128319
2025-07-17 0:00:00,144685
2025-07-18 0:00:00,162081
2025-07-19 0:00:00,140841
2025-07-20 0:00:00,155505
2025-07-21 0:00:00,164539
2025-07-22 0:00:00,189075
2025-07-23 0:00:00,338080
2025-07-24 0:00:00,269450
2025-07-25 0:00:00,224133
2025-07-26 0:00:00,176871
2025-07-27 0:00:00,184464
2025-07-28 0:00:00,175187
2025-07-29 0:00:00,165940
2025-07-30 0:00:00,173761
2025-07-31 0:00:00,134297
2025-08-01 0:00:00,182750
2025-08-02 0:00:00,155038
2025-08-03 0:00:00,178167
2025-08-04 0:00:00,151959
2025-08-05 0:00:00,183198
2025-08-06 0:00:00,128904
2025-08-07 0:00:00,133278
2025-08-08 0:00:00,143287
2025-08-09 0:00:00,159830
2025-08-10 0:00:00,140740
2025-08-11 0:00:00,132867
2025-08-12 0:00:00,140712
2025-08-13 0:00:00,175600
2025-08-14 0:00:00,126336
2025-08-15 0:00:00,101945
2025-08-16 0:00:00,250397
2025-08-17 0:00:00,342720
2025-08-18 0:00:00,285554
2025-08-19 0:00:00,308880
2025-08-20 0:00:00,322060
2025-08-21 0:00:00,274606
2025-08-22 0:00:00,237126
2025-08-23 0:00:00,230401
2025-08-24 0:00:00,198245
2025-08-25 0:00:00,151365
2025-08-26 0:00:00,146949
2025-08-27 0:00:00,158035
2025-08-28 0:00:00,152383
2025-08-29 0:00:00,152603
2025-08-30 0:00:00,163130
2025-08-31 0:00:00,183247
2025-09-01 0:00:00,161376
2025-09-02 0:00:00,136184
2025-09-03 0:00:00,159641
2025-09-04 0:00:00,179153
2025-09-05 0:00:00,171631
2025-09-06 0:00:00,230797
2025-09-07 0:00:00,204408
2025-09-08 0:00:00,284431
2025-09-09 0:00:00,237651
2025-09-10 0:00:00,182463
2025-09-11 0:00:00,165081
2025-09-12 0:00:00,284969
2025-09-13 0:00:00,196014
2025-09-14 0:00:00,215522
2025-09-15 0:00:00,191925
2025-09-16 0:00:00,145570
2025-09-17 0:00:00,129105
2025-09-18 0:00:00,118171
2025-09-19 0:00:00,121878
2025-09-20 0:00:00,136357
2025-09-21 0:00:00,163014
2025-09-22 0:00:00,166541
2025-09-23 0:00:00,167765
